{
  "accuracy": 0.56,
  "precision": 0.5057426513529297,
  "recall": 0.5826418479479704,
  "f1": 0.5414756148395165,
  "roc_auc": 0.5893711494962282,
  "confusion_matrix": [
    [
      3002,
      2539
    ],
    [
      1861,
      2598
    ]
  ],
  "task": "benefit"
}