{
  "accuracy": 0.5444,
  "precision": 0.2302325581395349,
  "recall": 0.5434131736526946,
  "f1": 0.3234333234333234,
  "roc_auc": 0.570470240110075,
  "confusion_matrix": [
    [
      4355,
      3641
    ],
    [
      915,
      1089
    ]
  ],
  "task": "churn"
}