{
  "accuracy": 0.563,
  "precision": 0.5090361445783133,
  "recall": 0.5683856502242153,
  "f1": 0.5370762711864406,
  "roc_auc": 0.5782760113969339,
  "confusion_matrix": [
    [
      619,
      489
    ],
    [
      385,
      507
    ]
  ],
  "task": "benefit"
}