{
  "accuracy": 0.539,
  "precision": 0.22388059701492538,
  "recall": 0.5198019801980198,
  "f1": 0.31296572280178836,
  "roc_auc": 0.5682352539765255,
  "confusion_matrix": [
    [
      868,
      728
    ],
    [
      194,
      210
    ]
  ],
  "task": "churn"
}