{
  "accuracy": 0.5451,
  "precision": 0.23389473684210527,
  "recall": 0.5497278574962889,
  "f1": 0.32816422980357407,
  "roc_auc": 0.574324958285167,
  "confusion_matrix": [
    [
      4340,
      3639
    ],
    [
      910,
      1111
    ]
  ],
  "task": "churn"
}